{"destination":"%ProgramData%\\Microsoft\\Windows\\UUS\\Packages\\1506.2511.3032.0","cleanup":[{"function":"RemoveUnusedPackages","dll":"%PROCESSOR_ARCHITECTURE%\\uusbrain.dll"}],"components":{"UUS.Desktop":{"detect":{"registry":{"path":"SOFTWARE\\Microsoft\\WindowsUpdate\\UUS\\Installed","key":"HKLM","type":"DWORD","data":1,"value":"UUS.Desktop"}},"payload":[{"sourcePath":"amd64\\WindowsUpdateImportant.ico"},{"sourcePath":"amd64\\WindowsUpdateSeeker.ico"},{"sourcePath":"amd64\\WindowsUpdateWarning.ico"},{"sourcePath":"amd64\\MusDialogHandlers.dll"},{"sourcePath":"amd64\\MusNotifyIconHandler.dll"}]},"UUS.Stable":{"detect":{"registry":{"path":"SOFTWARE\\Microsoft\\WindowsUpdate\\UUS\\Installed","key":"HKLM","type":"DWORD","data":1,"value":"UUS.Stable"}},"payload":[{"sourcePath":"x86\\wuapicore.dll"},{"sourcePath":"x86\\af-ZA\\wuapicore.dll.mui"},{"sourcePath":"x86\\am-ET\\wuapicore.dll.mui"},{"sourcePath":"x86\\ar-SA\\wuapicore.dll.mui"},{"sourcePath":"x86\\as-IN\\wuapicore.dll.mui"},{"sourcePath":"x86\\az-Latn-AZ\\wuapicore.dll.mui"},{"sourcePath":"x86\\bg-BG\\wuapicore.dll.mui"},{"sourcePath":"x86\\bn-IN\\wuapicore.dll.mui"},{"sourcePath":"x86\\bs-Latn-BA\\wuapicore.dll.mui"},{"sourcePath":"x86\\ca-ES\\wuapicore.dll.mui"},{"sourcePath":"x86\\ca-Es-VALENCIA\\wuapicore.dll.mui"},{"sourcePath":"x86\\cs-CZ\\wuapicore.dll.mui"},{"sourcePath":"x86\\cy-GB\\wuapicore.dll.mui"},{"sourcePath":"x86\\da-DK\\wuapicore.dll.mui"},{"sourcePath":"x86\\de-DE\\wuapicore.dll.mui"},{"sourcePath":"x86\\el-GR\\wuapicore.dll.mui"},{"sourcePath":"x86\\en-GB\\wuapicore.dll.mui"},{"sourcePath":"x86\\en-US\\wuapicore.dll.mui"},{"sourcePath":"x86\\es-ES\\wuapicore.dll.mui"},{"sourcePath":"x86\\es-MX\\wuapicore.dll.mui"},{"sourcePath":"x86\\et-EE\\wuapicore.dll.mui"},{"sourcePath":"x86\\eu-ES\\wuapicore.dll.mui"},{"sourcePath":"x86\\fa-IR\\wuapicore.dll.mui"},{"sourcePath":"x86\\fi-FI\\wuapicore.dll.mui"},{"sourcePath":"x86\\fil-PH\\wuapicore.dll.mui"},{"sourcePath":"x86\\fr-CA\\wuapicore.dll.mui"},{"sourcePath":"x86\\fr-FR\\wuapicore.dll.mui"},{"sourcePath":"x86\\ga-IE\\wuapicore.dll.mui"},{"sourcePath":"x86\\gd-gb\\wuapicore.dll.mui"},{"sourcePath":"x86\\gl-ES\\wuapicore.dll.mui"},{"sourcePath":"x86\\gu-IN\\wuapicore.dll.mui"},{"sourcePath":"x86\\he-IL\\wuapicore.dll.mui"},{"sourcePath":"x86\\hi-IN\\wuapicore.dll.mui"},{"sourcePath":"x86\\hr-HR\\wuapicore.dll.mui"},{"sourcePath":"x86\\hu-HU\\wuapicore.dll.mui"},{"sourcePath":"x86\\hy-AM\\wuapicore.dll.mui"},{"sourcePath":"x86\\id-ID\\wuapicore.dll.mui"},{"sourcePath":"x86\\is-IS\\wuapicore.dll.mui"},{"sourcePath":"x86\\it-IT\\wuapicore.dll.mui"},{"sourcePath":"x86\\ja-JP\\wuapicore.dll.mui"},{"sourcePath":"x86\\ka-GE\\wuapicore.dll.mui"},{"sourcePath":"x86\\kk-KZ\\wuapicore.dll.mui"},{"sourcePath":"x86\\km-KH\\wuapicore.dll.mui"},{"sourcePath":"x86\\kn-IN\\wuapicore.dll.mui"},{"sourcePath":"x86\\ko-KR\\wuapicore.dll.mui"},{"sourcePath":"x86\\kok-IN\\wuapicore.dll.mui"},{"sourcePath":"x86\\lb-LU\\wuapicore.dll.mui"},{"sourcePath":"x86\\lo-LA\\wuapicore.dll.mui"},{"sourcePath":"x86\\lt-LT\\wuapicore.dll.mui"},{"sourcePath":"x86\\lv-LV\\wuapicore.dll.mui"},{"sourcePath":"x86\\mi-NZ\\wuapicore.dll.mui"},{"sourcePath":"x86\\mk-MK\\wuapicore.dll.mui"},{"sourcePath":"x86\\ml-IN\\wuapicore.dll.mui"},{"sourcePath":"x86\\mr-IN\\wuapicore.dll.mui"},{"sourcePath":"x86\\ms-MY\\wuapicore.dll.mui"},{"sourcePath":"x86\\mt-MT\\wuapicore.dll.mui"},{"sourcePath":"x86\\nb-NO\\wuapicore.dll.mui"},{"sourcePath":"x86\\ne-NP\\wuapicore.dll.mui"},{"sourcePath":"x86\\nl-NL\\wuapicore.dll.mui"},{"sourcePath":"x86\\nn-NO\\wuapicore.dll.mui"},{"sourcePath":"x86\\or-IN\\wuapicore.dll.mui"},{"sourcePath":"x86\\pa-IN\\wuapicore.dll.mui"},{"sourcePath":"x86\\pl-PL\\wuapicore.dll.mui"},{"sourcePath":"x86\\pt-BR\\wuapicore.dll.mui"},{"sourcePath":"x86\\pt-PT\\wuapicore.dll.mui"},{"sourcePath":"x86\\qps-ploc\\wuapicore.dll.mui"},{"sourcePath":"x86\\qps-plocm\\wuapicore.dll.mui"},{"sourcePath":"x86\\quz-PE\\wuapicore.dll.mui"},{"sourcePath":"x86\\ro-RO\\wuapicore.dll.mui"},{"sourcePath":"x86\\ru-RU\\wuapicore.dll.mui"},{"sourcePath":"x86\\sk-SK\\wuapicore.dll.mui"},{"sourcePath":"x86\\sl-SI\\wuapicore.dll.mui"},{"sourcePath":"x86\\sq-AL\\wuapicore.dll.mui"},{"sourcePath":"x86\\sr-Cyrl-BA\\wuapicore.dll.mui"},{"sourcePath":"x86\\sr-Cyrl-RS\\wuapicore.dll.mui"},{"sourcePath":"x86\\sr-Latn-RS\\wuapicore.dll.mui"},{"sourcePath":"x86\\sv-SE\\wuapicore.dll.mui"},{"sourcePath":"x86\\ta-IN\\wuapicore.dll.mui"},{"sourcePath":"x86\\te-IN\\wuapicore.dll.mui"},{"sourcePath":"x86\\th-TH\\wuapicore.dll.mui"},{"sourcePath":"x86\\tr-TR\\wuapicore.dll.mui"},{"sourcePath":"x86\\tt-RU\\wuapicore.dll.mui"},{"sourcePath":"x86\\ug-CN\\wuapicore.dll.mui"},{"sourcePath":"x86\\uk-UA\\wuapicore.dll.mui"},{"sourcePath":"x86\\ur-PK\\wuapicore.dll.mui"},{"sourcePath":"x86\\uz-Latn-UZ\\wuapicore.dll.mui"},{"sourcePath":"x86\\vi-VN\\wuapicore.dll.mui"},{"sourcePath":"x86\\zh-CN\\wuapicore.dll.mui"},{"sourcePath":"x86\\zh-TW\\wuapicore.dll.mui"},{"sourcePath":"amd64\\wuapicore.dll"},{"sourcePath":"amd64\\af-ZA\\wuapicore.dll.mui"},{"sourcePath":"amd64\\am-ET\\wuapicore.dll.mui"},{"sourcePath":"amd64\\ar-SA\\wuapicore.dll.mui"},{"sourcePath":"amd64\\as-IN\\wuapicore.dll.mui"},{"sourcePath":"amd64\\az-Latn-AZ\\wuapicore.dll.mui"},{"sourcePath":"amd64\\bg-BG\\wuapicore.dll.mui"},{"sourcePath":"amd64\\bn-IN\\wuapicore.dll.mui"},{"sourcePath":"amd64\\bs-Latn-BA\\wuapicore.dll.mui"},{"sourcePath":"amd64\\ca-ES\\wuapicore.dll.mui"},{"sourcePath":"amd64\\ca-Es-VALENCIA\\wuapicore.dll.mui"},{"sourcePath":"amd64\\cs-CZ\\wuapicore.dll.mui"},{"sourcePath":"amd64\\cy-GB\\wuapicore.dll.mui"},{"sourcePath":"amd64\\da-DK\\wuapicore.dll.mui"},{"sourcePath":"amd64\\de-DE\\wuapicore.dll.mui"},{"sourcePath":"amd64\\el-GR\\wuapicore.dll.mui"},{"sourcePath":"amd64\\en-GB\\wuapicore.dll.mui"},{"sourcePath":"amd64\\en-US\\wuapicore.dll.mui"},{"sourcePath":"amd64\\es-ES\\wuapicore.dll.mui"},{"sourcePath":"amd64\\es-MX\\wuapicore.dll.mui"},{"sourcePath":"amd64\\et-EE\\wuapicore.dll.mui"},{"sourcePath":"amd64\\eu-ES\\wuapicore.dll.mui"},{"sourcePath":"amd64\\fa-IR\\wuapicore.dll.mui"},{"sourcePath":"amd64\\fi-FI\\wuapicore.dll.mui"},{"sourcePath":"amd64\\fil-PH\\wuapicore.dll.mui"},{"sourcePath":"amd64\\fr-CA\\wuapicore.dll.mui"},{"sourcePath":"amd64\\fr-FR\\wuapicore.dll.mui"},{"sourcePath":"amd64\\ga-IE\\wuapicore.dll.mui"},{"sourcePath":"amd64\\gd-gb\\wuapicore.dll.mui"},{"sourcePath":"amd64\\gl-ES\\wuapicore.dll.mui"},{"sourcePath":"amd64\\gu-IN\\wuapicore.dll.mui"},{"sourcePath":"amd64\\he-IL\\wuapicore.dll.mui"},{"sourcePath":"amd64\\hi-IN\\wuapicore.dll.mui"},{"sourcePath":"amd64\\hr-HR\\wuapicore.dll.mui"},{"sourcePath":"amd64\\hu-HU\\wuapicore.dll.mui"},{"sourcePath":"amd64\\hy-AM\\wuapicore.dll.mui"},{"sourcePath":"amd64\\id-ID\\wuapicore.dll.mui"},{"sourcePath":"amd64\\is-IS\\wuapicore.dll.mui"},{"sourcePath":"amd64\\it-IT\\wuapicore.dll.mui"},{"sourcePath":"amd64\\ja-JP\\wuapicore.dll.mui"},{"sourcePath":"amd64\\ka-GE\\wuapicore.dll.mui"},{"sourcePath":"amd64\\kk-KZ\\wuapicore.dll.mui"},{"sourcePath":"amd64\\km-KH\\wuapicore.dll.mui"},{"sourcePath":"amd64\\kn-IN\\wuapicore.dll.mui"},{"sourcePath":"amd64\\ko-KR\\wuapicore.dll.mui"},{"sourcePath":"amd64\\kok-IN\\wuapicore.dll.mui"},{"sourcePath":"amd64\\lb-LU\\wuapicore.dll.mui"},{"sourcePath":"amd64\\lo-LA\\wuapicore.dll.mui"},{"sourcePath":"amd64\\lt-LT\\wuapicore.dll.mui"},{"sourcePath":"amd64\\lv-LV\\wuapicore.dll.mui"},{"sourcePath":"amd64\\mi-NZ\\wuapicore.dll.mui"},{"sourcePath":"amd64\\mk-MK\\wuapicore.dll.mui"},{"sourcePath":"amd64\\ml-IN\\wuapicore.dll.mui"},{"sourcePath":"amd64\\mr-IN\\wuapicore.dll.mui"},{"sourcePath":"amd64\\ms-MY\\wuapicore.dll.mui"},{"sourcePath":"amd64\\mt-MT\\wuapicore.dll.mui"},{"sourcePath":"amd64\\nb-NO\\wuapicore.dll.mui"},{"sourcePath":"amd64\\ne-NP\\wuapicore.dll.mui"},{"sourcePath":"amd64\\nl-NL\\wuapicore.dll.mui"},{"sourcePath":"amd64\\nn-NO\\wuapicore.dll.mui"},{"sourcePath":"amd64\\or-IN\\wuapicore.dll.mui"},{"sourcePath":"amd64\\pa-IN\\wuapicore.dll.mui"},{"sourcePath":"amd64\\pl-PL\\wuapicore.dll.mui"},{"sourcePath":"amd64\\pt-BR\\wuapicore.dll.mui"},{"sourcePath":"amd64\\pt-PT\\wuapicore.dll.mui"},{"sourcePath":"amd64\\qps-ploc\\wuapicore.dll.mui"},{"sourcePath":"amd64\\qps-plocm\\wuapicore.dll.mui"},{"sourcePath":"amd64\\quz-PE\\wuapicore.dll.mui"},{"sourcePath":"amd64\\ro-RO\\wuapicore.dll.mui"},{"sourcePath":"amd64\\ru-RU\\wuapicore.dll.mui"},{"sourcePath":"amd64\\sk-SK\\wuapicore.dll.mui"},{"sourcePath":"amd64\\sl-SI\\wuapicore.dll.mui"},{"sourcePath":"amd64\\sq-AL\\wuapicore.dll.mui"},{"sourcePath":"amd64\\sr-Cyrl-BA\\wuapicore.dll.mui"},{"sourcePath":"amd64\\sr-Cyrl-RS\\wuapicore.dll.mui"},{"sourcePath":"amd64\\sr-Latn-RS\\wuapicore.dll.mui"},{"sourcePath":"amd64\\sv-SE\\wuapicore.dll.mui"},{"sourcePath":"amd64\\ta-IN\\wuapicore.dll.mui"},{"sourcePath":"amd64\\te-IN\\wuapicore.dll.mui"},{"sourcePath":"amd64\\th-TH\\wuapicore.dll.mui"},{"sourcePath":"amd64\\tr-TR\\wuapicore.dll.mui"},{"sourcePath":"amd64\\tt-RU\\wuapicore.dll.mui"},{"sourcePath":"amd64\\ug-CN\\wuapicore.dll.mui"},{"sourcePath":"amd64\\uk-UA\\wuapicore.dll.mui"},{"sourcePath":"amd64\\ur-PK\\wuapicore.dll.mui"},{"sourcePath":"amd64\\uz-Latn-UZ\\wuapicore.dll.mui"},{"sourcePath":"amd64\\vi-VN\\wuapicore.dll.mui"},{"sourcePath":"amd64\\zh-CN\\wuapicore.dll.mui"},{"sourcePath":"amd64\\zh-TW\\wuapicore.dll.mui"},{"sourcePath":"amd64\\wups2core.dll"},{"sourcePath":"amd64\\wuuhosdeployment.dll"},{"sourcePath":"amd64\\wuuhext.dll"},{"sourcePath":"x86\\wupscore.dll"},{"sourcePath":"amd64\\wupscore.dll"},{"sourcePath":"amd64\\updatepolicycore.dll"},{"sourcePath":"amd64\\ar-SA\\updatepolicycore.dll.mui"},{"sourcePath":"amd64\\bg-BG\\updatepolicycore.dll.mui"},{"sourcePath":"amd64\\cs-CZ\\updatepolicycore.dll.mui"},{"sourcePath":"amd64\\da-DK\\updatepolicycore.dll.mui"},{"sourcePath":"amd64\\de-DE\\updatepolicycore.dll.mui"},{"sourcePath":"amd64\\el-GR\\updatepolicycore.dll.mui"},{"sourcePath":"amd64\\en-GB\\updatepolicycore.dll.mui"},{"sourcePath":"amd64\\en-US\\updatepolicycore.dll.mui"},{"sourcePath":"amd64\\es-ES\\updatepolicycore.dll.mui"},{"sourcePath":"amd64\\es-MX\\updatepolicycore.dll.mui"},{"sourcePath":"amd64\\et-EE\\updatepolicycore.dll.mui"},{"sourcePath":"amd64\\fi-FI\\updatepolicycore.dll.mui"},{"sourcePath":"amd64\\fr-CA\\updatepolicycore.dll.mui"},{"sourcePath":"amd64\\fr-FR\\updatepolicycore.dll.mui"},{"sourcePath":"amd64\\he-IL\\updatepolicycore.dll.mui"},{"sourcePath":"amd64\\hr-HR\\updatepolicycore.dll.mui"},{"sourcePath":"amd64\\hu-HU\\updatepolicycore.dll.mui"},{"sourcePath":"amd64\\it-IT\\updatepolicycore.dll.mui"},{"sourcePath":"amd64\\ja-JP\\updatepolicycore.dll.mui"},{"sourcePath":"amd64\\ko-KR\\updatepolicycore.dll.mui"},{"sourcePath":"amd64\\lt-LT\\updatepolicycore.dll.mui"},{"sourcePath":"amd64\\lv-LV\\updatepolicycore.dll.mui"},{"sourcePath":"amd64\\nb-NO\\updatepolicycore.dll.mui"},{"sourcePath":"amd64\\nl-NL\\updatepolicycore.dll.mui"},{"sourcePath":"amd64\\pl-PL\\updatepolicycore.dll.mui"},{"sourcePath":"amd64\\pt-BR\\updatepolicycore.dll.mui"},{"sourcePath":"amd64\\pt-PT\\updatepolicycore.dll.mui"},{"sourcePath":"amd64\\qps-ploc\\updatepolicycore.dll.mui"},{"sourcePath":"amd64\\qps-plocm\\updatepolicycore.dll.mui"},{"sourcePath":"amd64\\ro-RO\\updatepolicycore.dll.mui"},{"sourcePath":"amd64\\ru-RU\\updatepolicycore.dll.mui"},{"sourcePath":"amd64\\sk-SK\\updatepolicycore.dll.mui"},{"sourcePath":"amd64\\sl-SI\\updatepolicycore.dll.mui"},{"sourcePath":"amd64\\sr-Latn-RS\\updatepolicycore.dll.mui"},{"sourcePath":"amd64\\sv-SE\\updatepolicycore.dll.mui"},{"sourcePath":"amd64\\th-TH\\updatepolicycore.dll.mui"},{"sourcePath":"amd64\\tr-TR\\updatepolicycore.dll.mui"},{"sourcePath":"amd64\\uk-UA\\updatepolicycore.dll.mui"},{"sourcePath":"amd64\\zh-CN\\updatepolicycore.dll.mui"},{"sourcePath":"amd64\\zh-TW\\updatepolicycore.dll.mui"},{"sourcePath":"amd64\\wuauengcore.dll"},{"sourcePath":"amd64\\af-ZA\\wuauengcore.dll.mui"},{"sourcePath":"amd64\\am-ET\\wuauengcore.dll.mui"},{"sourcePath":"amd64\\ar-SA\\wuauengcore.dll.mui"},{"sourcePath":"amd64\\as-IN\\wuauengcore.dll.mui"},{"sourcePath":"amd64\\az-Latn-AZ\\wuauengcore.dll.mui"},{"sourcePath":"amd64\\bg-BG\\wuauengcore.dll.mui"},{"sourcePath":"amd64\\bn-IN\\wuauengcore.dll.mui"},{"sourcePath":"amd64\\bs-Latn-BA\\wuauengcore.dll.mui"},{"sourcePath":"amd64\\ca-ES\\wuauengcore.dll.mui"},{"sourcePath":"amd64\\ca-Es-VALENCIA\\wuauengcore.dll.mui"},{"sourcePath":"amd64\\cs-CZ\\wuauengcore.dll.mui"},{"sourcePath":"amd64\\cy-GB\\wuauengcore.dll.mui"},{"sourcePath":"amd64\\da-DK\\wuauengcore.dll.mui"},{"sourcePath":"amd64\\de-DE\\wuauengcore.dll.mui"},{"sourcePath":"amd64\\el-GR\\wuauengcore.dll.mui"},{"sourcePath":"amd64\\en-GB\\wuauengcore.dll.mui"},{"sourcePath":"amd64\\en-US\\wuauengcore.dll.mui"},{"sourcePath":"amd64\\es-ES\\wuauengcore.dll.mui"},{"sourcePath":"amd64\\es-MX\\wuauengcore.dll.mui"},{"sourcePath":"amd64\\et-EE\\wuauengcore.dll.mui"},{"sourcePath":"amd64\\eu-ES\\wuauengcore.dll.mui"},{"sourcePath":"amd64\\fa-IR\\wuauengcore.dll.mui"},{"sourcePath":"amd64\\fi-FI\\wuauengcore.dll.mui"},{"sourcePath":"amd64\\fil-PH\\wuauengcore.dll.mui"},{"sourcePath":"amd64\\fr-CA\\wuauengcore.dll.mui"},{"sourcePath":"amd64\\fr-FR\\wuauengcore.dll.mui"},{"sourcePath":"amd64\\ga-IE\\wuauengcore.dll.mui"},{"sourcePath":"amd64\\gd-gb\\wuauengcore.dll.mui"},{"sourcePath":"amd64\\gl-ES\\wuauengcore.dll.mui"},{"sourcePath":"amd64\\gu-IN\\wuauengcore.dll.mui"},{"sourcePath":"amd64\\he-IL\\wuauengcore.dll.mui"},{"sourcePath":"amd64\\hi-IN\\wuauengcore.dll.mui"},{"sourcePath":"amd64\\hr-HR\\wuauengcore.dll.mui"},{"sourcePath":"amd64\\hu-HU\\wuauengcore.dll.mui"},{"sourcePath":"amd64\\hy-AM\\wuauengcore.dll.mui"},{"sourcePath":"amd64\\id-ID\\wuauengcore.dll.mui"},{"sourcePath":"amd64\\is-IS\\wuauengcore.dll.mui"},{"sourcePath":"amd64\\it-IT\\wuauengcore.dll.mui"},{"sourcePath":"amd64\\ja-JP\\wuauengcore.dll.mui"},{"sourcePath":"amd64\\ka-GE\\wuauengcore.dll.mui"},{"sourcePath":"amd64\\kk-KZ\\wuauengcore.dll.mui"},{"sourcePath":"amd64\\km-KH\\wuauengcore.dll.mui"},{"sourcePath":"amd64\\kn-IN\\wuauengcore.dll.mui"},{"sourcePath":"amd64\\ko-KR\\wuauengcore.dll.mui"},{"sourcePath":"amd64\\kok-IN\\wuauengcore.dll.mui"},{"sourcePath":"amd64\\lb-LU\\wuauengcore.dll.mui"},{"sourcePath":"amd64\\lo-LA\\wuauengcore.dll.mui"},{"sourcePath":"amd64\\lt-LT\\wuauengcore.dll.mui"},{"sourcePath":"amd64\\lv-LV\\wuauengcore.dll.mui"},{"sourcePath":"amd64\\mi-NZ\\wuauengcore.dll.mui"},{"sourcePath":"amd64\\mk-MK\\wuauengcore.dll.mui"},{"sourcePath":"amd64\\ml-IN\\wuauengcore.dll.mui"},{"sourcePath":"amd64\\mr-IN\\wuauengcore.dll.mui"},{"sourcePath":"amd64\\ms-MY\\wuauengcore.dll.mui"},{"sourcePath":"amd64\\mt-MT\\wuauengcore.dll.mui"},{"sourcePath":"amd64\\nb-NO\\wuauengcore.dll.mui"},{"sourcePath":"amd64\\ne-NP\\wuauengcore.dll.mui"},{"sourcePath":"amd64\\nl-NL\\wuauengcore.dll.mui"},{"sourcePath":"amd64\\nn-NO\\wuauengcore.dll.mui"},{"sourcePath":"amd64\\or-IN\\wuauengcore.dll.mui"},{"sourcePath":"amd64\\pa-IN\\wuauengcore.dll.mui"},{"sourcePath":"amd64\\pl-PL\\wuauengcore.dll.mui"},{"sourcePath":"amd64\\pt-BR\\wuauengcore.dll.mui"},{"sourcePath":"amd64\\pt-PT\\wuauengcore.dll.mui"},{"sourcePath":"amd64\\qps-ploc\\wuauengcore.dll.mui"},{"sourcePath":"amd64\\qps-plocm\\wuauengcore.dll.mui"},{"sourcePath":"amd64\\quz-PE\\wuauengcore.dll.mui"},{"sourcePath":"amd64\\ro-RO\\wuauengcore.dll.mui"},{"sourcePath":"amd64\\ru-RU\\wuauengcore.dll.mui"},{"sourcePath":"amd64\\sk-SK\\wuauengcore.dll.mui"},{"sourcePath":"amd64\\sl-SI\\wuauengcore.dll.mui"},{"sourcePath":"amd64\\sq-AL\\wuauengcore.dll.mui"},{"sourcePath":"amd64\\sr-Cyrl-BA\\wuauengcore.dll.mui"},{"sourcePath":"amd64\\sr-Cyrl-RS\\wuauengcore.dll.mui"},{"sourcePath":"amd64\\sr-Latn-RS\\wuauengcore.dll.mui"},{"sourcePath":"amd64\\sv-SE\\wuauengcore.dll.mui"},{"sourcePath":"amd64\\ta-IN\\wuauengcore.dll.mui"},{"sourcePath":"amd64\\te-IN\\wuauengcore.dll.mui"},{"sourcePath":"amd64\\th-TH\\wuauengcore.dll.mui"},{"sourcePath":"amd64\\tr-TR\\wuauengcore.dll.mui"},{"sourcePath":"amd64\\tt-RU\\wuauengcore.dll.mui"},{"sourcePath":"amd64\\ug-CN\\wuauengcore.dll.mui"},{"sourcePath":"amd64\\uk-UA\\wuauengcore.dll.mui"},{"sourcePath":"amd64\\ur-PK\\wuauengcore.dll.mui"},{"sourcePath":"amd64\\uz-Latn-UZ\\wuauengcore.dll.mui"},{"sourcePath":"amd64\\vi-VN\\wuauengcore.dll.mui"},{"sourcePath":"amd64\\zh-CN\\wuauengcore.dll.mui"},{"sourcePath":"amd64\\zh-TW\\wuauengcore.dll.mui"},{"sourcePath":"x86\\UusBrain.dll"},{"sourcePath":"amd64\\UusBrain.dll"},{"sourcePath":"amd64\\storewuauthcore.dll"},{"sourcePath":"uusp.json"},{"sourcePath":"amd64\\wuuhdrv.dll"},{"sourcePath":"amd64\\updatedeploy.dll"},{"sourcePath":"amd64\\wuaucltcore.exe"},{"sourcePath":"x86\\wutrust.dll"},{"sourcePath":"amd64\\wutrust.dll"}]},"UUS.UX.HoloLens":{"detect":{"registry":{"path":"SOFTWARE\\Microsoft\\WindowsUpdate\\UUS\\Installed","key":"HKLM","type":"DWORD","data":1,"value":"UUS.UX.HoloLens"}},"payload":[{"sourcePath":"amd64\\MusMessageDialogHandlers.dll"}]},"UUS.Core":{"detect":{"registry":{"path":"SOFTWARE\\Microsoft\\WindowsUpdate\\UUS\\Installed","key":"HKLM","type":"DWORD","data":1,"value":"UUS.Core"}},"payload":[{"sourcePath":"amd64\\RestartNowPower_80.png"},{"sourcePath":"amd64\\Snooze_80.contrast-black.png"},{"sourcePath":"amd64\\MusUxToastHandler.dll"},{"sourcePath":"amd64\\UusFailover.dll"},{"sourcePath":"amd64\\RestartNowPower_80.contrast-black.png"},{"sourcePath":"amd64\\X_80.contrast-white.png"},{"sourcePath":"amd64\\Snooze_80.contrast-white.png"},{"sourcePath":"amd64\\UsoSvcImpl.dll"},{"sourcePath":"amd64\\X_80.png"},{"sourcePath":"amd64\\Snooze_80.png"},{"sourcePath":"amd64\\RestartTonight_80_contrast-white.png"},{"sourcePath":"amd64\\UusCoreHealthAggregator.dll"},{"sourcePath":"amd64\\MoUsoCoreWorker.exe"},{"sourcePath":"amd64\\RestartTonight_80.png"},{"sourcePath":"amd64\\OkDone_80.png"},{"sourcePath":"amd64\\RestartNowPower_80.contrast-white.png"},{"sourcePath":"amd64\\ScheduleTime_80.contrast-black.png"},{"sourcePath":"amd64\\UpdatePlatformAggregators.dll"},{"sourcePath":"amd64\\UsoClientImpl.dll"},{"sourcePath":"amd64\\WcosPowerIcon_100_contrast-black.png"},{"sourcePath":"amd64\\domiprov.dll"},{"sourcePath":"amd64\\ScheduleTime_80.png"},{"sourcePath":"amd64\\X_80.contrast-black.png"},{"sourcePath":"amd64\\OkDone_80.contrast-white.png"},{"sourcePath":"amd64\\RestartTonight_80_contrast-black.png"},{"sourcePath":"amd64\\MoNotificationUx.exe"},{"sourcePath":"amd64\\af-ZA\\MoNotificationUx.exe.mui"},{"sourcePath":"amd64\\am-ET\\MoNotificationUx.exe.mui"},{"sourcePath":"amd64\\ar-SA\\MoNotificationUx.exe.mui"},{"sourcePath":"amd64\\as-IN\\MoNotificationUx.exe.mui"},{"sourcePath":"amd64\\az-Latn-AZ\\MoNotificationUx.exe.mui"},{"sourcePath":"amd64\\bg-BG\\MoNotificationUx.exe.mui"},{"sourcePath":"amd64\\bn-IN\\MoNotificationUx.exe.mui"},{"sourcePath":"amd64\\bs-Latn-BA\\MoNotificationUx.exe.mui"},{"sourcePath":"amd64\\ca-ES\\MoNotificationUx.exe.mui"},{"sourcePath":"amd64\\ca-Es-VALENCIA\\MoNotificationUx.exe.mui"},{"sourcePath":"amd64\\cs-CZ\\MoNotificationUx.exe.mui"},{"sourcePath":"amd64\\cy-GB\\MoNotificationUx.exe.mui"},{"sourcePath":"amd64\\da-DK\\MoNotificationUx.exe.mui"},{"sourcePath":"amd64\\de-DE\\MoNotificationUx.exe.mui"},{"sourcePath":"amd64\\el-GR\\MoNotificationUx.exe.mui"},{"sourcePath":"amd64\\en-GB\\MoNotificationUx.exe.mui"},{"sourcePath":"amd64\\en-US\\MoNotificationUx.exe.mui"},{"sourcePath":"amd64\\es-ES\\MoNotificationUx.exe.mui"},{"sourcePath":"amd64\\es-MX\\MoNotificationUx.exe.mui"},{"sourcePath":"amd64\\et-EE\\MoNotificationUx.exe.mui"},{"sourcePath":"amd64\\eu-ES\\MoNotificationUx.exe.mui"},{"sourcePath":"amd64\\fa-IR\\MoNotificationUx.exe.mui"},{"sourcePath":"amd64\\fi-FI\\MoNotificationUx.exe.mui"},{"sourcePath":"amd64\\fil-PH\\MoNotificationUx.exe.mui"},{"sourcePath":"amd64\\fr-CA\\MoNotificationUx.exe.mui"},{"sourcePath":"amd64\\fr-FR\\MoNotificationUx.exe.mui"},{"sourcePath":"amd64\\ga-IE\\MoNotificationUx.exe.mui"},{"sourcePath":"amd64\\gd-gb\\MoNotificationUx.exe.mui"},{"sourcePath":"amd64\\gl-ES\\MoNotificationUx.exe.mui"},{"sourcePath":"amd64\\gu-IN\\MoNotificationUx.exe.mui"},{"sourcePath":"amd64\\he-IL\\MoNotificationUx.exe.mui"},{"sourcePath":"amd64\\hi-IN\\MoNotificationUx.exe.mui"},{"sourcePath":"amd64\\hr-HR\\MoNotificationUx.exe.mui"},{"sourcePath":"amd64\\hu-HU\\MoNotificationUx.exe.mui"},{"sourcePath":"amd64\\hy-AM\\MoNotificationUx.exe.mui"},{"sourcePath":"amd64\\id-ID\\MoNotificationUx.exe.mui"},{"sourcePath":"amd64\\is-IS\\MoNotificationUx.exe.mui"},{"sourcePath":"amd64\\it-IT\\MoNotificationUx.exe.mui"},{"sourcePath":"amd64\\ja-JP\\MoNotificationUx.exe.mui"},{"sourcePath":"amd64\\ka-GE\\MoNotificationUx.exe.mui"},{"sourcePath":"amd64\\kk-KZ\\MoNotificationUx.exe.mui"},{"sourcePath":"amd64\\km-KH\\MoNotificationUx.exe.mui"},{"sourcePath":"amd64\\kn-IN\\MoNotificationUx.exe.mui"},{"sourcePath":"amd64\\ko-KR\\MoNotificationUx.exe.mui"},{"sourcePath":"amd64\\kok-IN\\MoNotificationUx.exe.mui"},{"sourcePath":"amd64\\lb-LU\\MoNotificationUx.exe.mui"},{"sourcePath":"amd64\\lo-LA\\MoNotificationUx.exe.mui"},{"sourcePath":"amd64\\lt-LT\\MoNotificationUx.exe.mui"},{"sourcePath":"amd64\\lv-LV\\MoNotificationUx.exe.mui"},{"sourcePath":"amd64\\mi-NZ\\MoNotificationUx.exe.mui"},{"sourcePath":"amd64\\mk-MK\\MoNotificationUx.exe.mui"},{"sourcePath":"amd64\\ml-IN\\MoNotificationUx.exe.mui"},{"sourcePath":"amd64\\mr-IN\\MoNotificationUx.exe.mui"},{"sourcePath":"amd64\\ms-MY\\MoNotificationUx.exe.mui"},{"sourcePath":"amd64\\mt-MT\\MoNotificationUx.exe.mui"},{"sourcePath":"amd64\\nb-NO\\MoNotificationUx.exe.mui"},{"sourcePath":"amd64\\ne-NP\\MoNotificationUx.exe.mui"},{"sourcePath":"amd64\\nl-NL\\MoNotificationUx.exe.mui"},{"sourcePath":"amd64\\nn-NO\\MoNotificationUx.exe.mui"},{"sourcePath":"amd64\\or-IN\\MoNotificationUx.exe.mui"},{"sourcePath":"amd64\\pa-IN\\MoNotificationUx.exe.mui"},{"sourcePath":"amd64\\pl-PL\\MoNotificationUx.exe.mui"},{"sourcePath":"amd64\\pt-BR\\MoNotificationUx.exe.mui"},{"sourcePath":"amd64\\pt-PT\\MoNotificationUx.exe.mui"},{"sourcePath":"amd64\\qps-ploc\\MoNotificationUx.exe.mui"},{"sourcePath":"amd64\\qps-plocm\\MoNotificationUx.exe.mui"},{"sourcePath":"amd64\\quz-PE\\MoNotificationUx.exe.mui"},{"sourcePath":"amd64\\ro-RO\\MoNotificationUx.exe.mui"},{"sourcePath":"amd64\\ru-RU\\MoNotificationUx.exe.mui"},{"sourcePath":"amd64\\sk-SK\\MoNotificationUx.exe.mui"},{"sourcePath":"amd64\\sl-SI\\MoNotificationUx.exe.mui"},{"sourcePath":"amd64\\sq-AL\\MoNotificationUx.exe.mui"},{"sourcePath":"amd64\\sr-Cyrl-BA\\MoNotificationUx.exe.mui"},{"sourcePath":"amd64\\sr-Cyrl-RS\\MoNotificationUx.exe.mui"},{"sourcePath":"amd64\\sr-Latn-RS\\MoNotificationUx.exe.mui"},{"sourcePath":"amd64\\sv-SE\\MoNotificationUx.exe.mui"},{"sourcePath":"amd64\\ta-IN\\MoNotificationUx.exe.mui"},{"sourcePath":"amd64\\te-IN\\MoNotificationUx.exe.mui"},{"sourcePath":"amd64\\th-TH\\MoNotificationUx.exe.mui"},{"sourcePath":"amd64\\tr-TR\\MoNotificationUx.exe.mui"},{"sourcePath":"amd64\\tt-RU\\MoNotificationUx.exe.mui"},{"sourcePath":"amd64\\ug-CN\\MoNotificationUx.exe.mui"},{"sourcePath":"amd64\\uk-UA\\MoNotificationUx.exe.mui"},{"sourcePath":"amd64\\ur-PK\\MoNotificationUx.exe.mui"},{"sourcePath":"amd64\\uz-Latn-UZ\\MoNotificationUx.exe.mui"},{"sourcePath":"amd64\\vi-VN\\MoNotificationUx.exe.mui"},{"sourcePath":"amd64\\zh-CN\\MoNotificationUx.exe.mui"},{"sourcePath":"amd64\\zh-TW\\MoNotificationUx.exe.mui"},{"sourcePath":"amd64\\WcosPowerIcon_100.png"},{"sourcePath":"amd64\\WcosPowerIcon_100_contrast-white.png"},{"sourcePath":"amd64\\ScheduleTime_80.contrast-white.png"},{"sourcePath":"amd64\\doclient.dll"},{"sourcePath":"amd64\\OkDone_80.contrast-black.png"}]},"UUS.Core.UX":{"detect":{"registry":{"path":"SOFTWARE\\Microsoft\\WindowsUpdate\\UUS\\Installed","key":"HKLM","type":"DWORD","data":1,"value":"UUS.Core.UX"}},"payload":[]},"UUS.UX.Wcos":{"detect":{"registry":{"path":"SOFTWARE\\Microsoft\\WindowsUpdate\\UUS\\Installed","key":"HKLM","type":"DWORD","data":1,"value":"UUS.UX.Wcos"}},"payload":[{"sourcePath":"amd64\\MusAdaptiveCardDialogHandlers.dll"}]}},"ver":"1506.2511.3032.0","product":"UUS"}
